DROP TABLE IF EXISTS papi_aspects;
CREATE TABLE IF NOT EXISTS papi_aspects(
	id TINYINT PRIMARY KEY,
	aspect VARCHAR(50)
);
INSERT INTO papi_aspects(id,aspect)
VALUES
(1,'Aspect #1'),
(2,'Aspect #2'),
(3,'Aspect #3'),
(4,'Aspect #4'),
(5,'Aspect #5');

DROP TABLE IF EXISTS papi_roles;
CREATE TABLE IF NOT EXISTS papi_roles(
	id TINYINT PRIMARY KEY,
	aspect_id TINYINT,
	code CHAR(1),
	role VARCHAR(50)
);
INSERT INTO papi_roles(id,aspect_id,code,role)
VALUES
(1,1,'A','Need to A (A)'),
(2,1,'B','Role as B (B)'),
(3,1,'C','Need to C (C)'),
(4,1,'D','Role as D (D)'),
(5,2,'E','Need to E (E)'),
(6,2,'F','Role as F (F)'),
(7,2,'G','Need to G (G)'),
(8,2,'H','Role as H (H)'),
(9,3,'I','Need to I (I)'),
(10,3,'J','Role as J (J)'),
(11,3,'K','Need to K (K)'),
(12,3,'L','Role as L (L)'),
(13,4,'M','Need to M (M)'),
(14,4,'N','Role as N (N'),
(15,4,'O','Need to O (O)'),
(16,4,'P','Role as P (P)'),
(17,5,'Q','Need to Q (Q)'),
(18,5,'R','Role as R (R)'),
(19,5,'S','Need to S (S)'),
(20,5,'T','Role as T (T)');

DROP TABLE IF EXISTS papi_questions;
CREATE TABLE IF NOT EXISTS papi_questions(
	id TINYINT PRIMARY KEY,
	question1 VARCHAR(75),
	value1 TINYINT,
	question2 VARCHAR(75),
	value2 TINYINT
);

INSERT INTO papi_questions(id,question1,value1,question2,value2) 
VALUES
(1,'questions #1A',16,'questions #1B',10),
(2,'questions #2A',12,'questions #2B',3),
(3,'questions #3A',18,'questions #3B',1),
(4,'questions #4A',7,'questions #4B',11),
(5,'questions #5A',2,'questions #5B',4),
(6,'questions #6A',6,'questions #6B',14),
(7,'questions #7A',19,'questions #7B',12),
(8,'questions #8A',18,'questions #8B',12),
(9,'questions #9A',10,'questions #9B',5),
(10,'questions #10A',7,'questions #10B',15),
(11,'questions #11A',2,'questions #11B',7),
(12,'questions #12A',19,'questions #12B',16),
(13,'questions #13A',20,'questions #13B',19),
(14,'questions #14A',4,'questions #14B',7),
(15,'questions #15A',18,'questions #15B',16),
(16,'questions #16A',6,'questions #16B',17),
(17,'questions #17A',11,'questions #17B',13),
(18,'questions #18A',9,'questions #18B',10),
(19,'questions #19A',20,'questions #19B',3),
(20,'questions #20A',8,'questions #20B',13),
(21,'questions #21A',8,'questions #21B',11),
(22,'questions #22A',9,'questions #22B',1),
(23,'questions #23A',18,'questions #23B',9),
(24,'questions #24A',6,'questions #24B',7),
(25,'questions #25A',11,'questions #25B',15),
(26,'questions #26A',3,'questions #26B',1),
(27,'questions #27A',16,'questions #27B',5),
(28,'questions #28A',10,'questions #28B',12),
(29,'questions #29A',4,'questions #29B',13),
(30,'questions #30A',7,'questions #30B',8),
(31,'questions #31A',4,'questions #31B',14),
(32,'questions #32A',4,'questions #32B',6),
(33,'questions #33A',19,'questions #33B',10),
(34,'questions #34A',16,'questions #34B',12),
(35,'questions #35A',7,'questions #35B',13),
(36,'questions #36A',6,'questions #36B',13),
(37,'questions #37A',9,'questions #37B',3),
(38,'questions #38A',10,'questions #38B',1),
(39,'questions #39A',6,'questions #39B',8),
(40,'questions #40A',5,'questions #40B',3),
(41,'questions #41A',13,'questions #41B',17),
(42,'questions #42A',20,'questions #42B',5),
(43,'questions #43A',20,'questions #43B',1),
(44,'questions #44A',4,'questions #44B',17),
(45,'questions #45A',2,'questions #45B',13),
(46,'questions #46A',7,'questions #46B',17),
(47,'questions #47A',6,'questions #47B',15),
(48,'questions #48A',7,'questions #48B',14),
(49,'questions #49A',8,'questions #49B',17),
(50,'questions #50A',9,'questions #50B',5),
(51,'questions #51A',6,'questions #51B',11),
(52,'questions #52A',9,'questions #52B',12),
(53,'questions #53A',2,'questions #53B',6),
(54,'questions #54A',19,'questions #54B',9),
(55,'questions #55A',20,'questions #55B',9),
(56,'questions #56A',20,'questions #56B',18),
(57,'questions #57A',2,'questions #57B',14),
(58,'questions #58A',2,'questions #58B',11),
(59,'questions #59A',11,'questions #59B',17),
(60,'questions #60A',15,'questions #60B',14),
(61,'questions #61A',18,'questions #61B',10),
(62,'questions #62A',10,'questions #62B',3),
(63,'questions #63A',16,'questions #63B',3),
(64,'questions #64A',8,'questions #64B',15),
(65,'questions #65A',20,'questions #65B',16),
(66,'questions #66A',12,'questions #66B',1),
(67,'questions #67A',16,'questions #67B',1),
(68,'questions #68A',15,'questions #68B',17),
(69,'questions #69A',18,'questions #69B',3),
(70,'questions #70A',2,'questions #70B',17),
(71,'questions #71A',4,'questions #71B',15),
(72,'questions #72A',11,'questions #72B',14),
(73,'questions #73A',2,'questions #73B',8),
(74,'questions #74A',19,'questions #74B',18),
(75,'questions #75A',5,'questions #75B',1),
(76,'questions #76A',16,'questions #76B',9),
(77,'questions #77A',20,'questions #77B',10),
(78,'questions #78A',20,'questions #78B',12),
(79,'questions #79A',12,'questions #79B',5),
(80,'questions #80A',8,'questions #80B',14),
(81,'questions #81A',18,'questions #81B',5),
(82,'questions #82A',14,'questions #82B',13),
(83,'questions #83A',4,'questions #83B',8),
(84,'questions #84A',4,'questions #84B',11),
(85,'questions #85A',14,'questions #85B',17),
(86,'questions #86A',19,'questions #86B',1),
(87,'questions #87A',2,'questions #87B',15),
(88,'questions #88A',19,'questions #88B',3),
(89,'questions #89A',15,'questions #89B',13),
(90,'questions #90A',19,'questions #90B',5);

DROP TABLE IF EXISTS papi_rules;
CREATE TABLE IF NOT EXISTS papi_rules(
	id TINYINT AUTO_INCREMENT PRIMARY KEY,
	role_id TINYINT,
	low_value TINYINT,
	high_value TINYINT,
	interprestation VARCHAR(255)
);

INSERT INTO papi_rules(role_id,low_value,high_value,interprestation)
VALUES
(1,0,2,'Lower A'),
(1,3,5,'Middle A'),
(1,6,9,'Higher A'),
(2,0,2,'Lower B'),
(2,3,5,'Middle B'),
(2,6,9,'Higher B'),
(3,0,2,'Lower C'),
(3,3,5,'Middle C'),
(3,6,9,'Higher C'),
(4,0,2,'Lower D'),
(4,3,5,'Middle D'),
(4,6,9,'Higher D'),
(5,0,2,'Lower E'),
(5,3,5,'Middle E'),
(5,6,9,'Higher E'),
(6,0,2,'Lower F'),
(6,3,5,'Middle F'),
(6,6,9,'Higher F'),
(7,0,2,'Lower G'),
(7,3,5,'Middle G'),
(7,6,9,'Higher G'),
(8,0,2,'Lower H'),
(8,3,5,'Middle H'),
(8,6,9,'Higher H'),
(9,0,2,'Lower I'),
(9,3,5,'Middle I'),
(9,6,9,'Higher I'),
(10,0,2,'Lower J'),
(10,3,5,'Middle J'),
(10,6,9,'Higher J'),
(11,0,2,'Lower K'),
(11,3,5,'Middle K'),
(11,6,9,'Higher K'),
(12,0,2,'Lower L'),
(12,3,5,'Middle L'),
(12,6,9,'Higher L'),
(13,0,2,'Lower M'),
(13,3,5,'Middle M'),
(13,6,9,'Higher M'),
(14,0,2,'Lower N'),
(14,3,5,'Middle N'),
(14,6,9,'Higher N'),
(15,0,2,'Lower O'),
(15,3,5,'Middle O'),
(15,6,9,'Higher O'),
(16,0,2,'Lower P'),
(16,3,5,'Middle P'),
(16,6,9,'Higher P'),
(17,0,2,'Lower Q'),
(17,3,5,'Middle Q'),
(17,6,9,'Higher Q'),
(18,0,2,'Lower R'),
(18,3,5,'Middle R'),
(18,6,9,'Higher R'),
(19,0,2,'Lower S'),
(19,3,5,'Middle S'),
(19,6,9,'Higher S'),
(20,0,2,'Lower T'),
(20,3,5,'Middle T'),
(20,6,9,'Higher T');

DROP TABLE IF EXISTS papi_users;
CREATE TABLE IF NOT EXISTS papi_users(
	id TINYINT AUTO_INCREMENT PRIMARY KEY,
	username VARCHAR(30),
	fullname VARCHAR(30)
);

DROP TABLE IF EXISTS papi_results;
CREATE TABLE IF NOT EXISTS papi_results(
	id INT AUTO_INCREMENT PRIMARY KEY,
	user_id TINYINT,
	role_id TINYINT,
	value TINYINT
);
